{"images/background_image/17316d.png":["images/background_image/17316d.png"],"images/background_image/19ba6a.png":["images/background_image/19ba6a.png"],"images/backgroundImages/1aN6mX4KtTKKOBfGwSftr-hxuHhHIUyxPoN7R1fEZYwZ02GrVCONCTQxtbLWxF85rUs49HCMaQ.png":["images/backgroundImages/1aN6mX4KtTKKOBfGwSftr-hxuHhHIUyxPoN7R1fEZYwZ02GrVCONCTQxtbLWxF85rUs49HCMaQ.png"],"images/background_image/1ee8b6.png":["images/background_image/1ee8b6.png"],"images/backgroundImages/3rSsn09XlksGOUhWrgB7vSJwPWzmlS0Zp7FZZ1o1cipRdFyJ_mQ0bbXg6KKeNaebF1OiXZKz.png":["images/backgroundImages/3rSsn09XlksGOUhWrgB7vSJwPWzmlS0Zp7FZZ1o1cipRdFyJ_mQ0bbXg6KKeNaebF1OiXZKz.png"],"images/background_image/47c7fe.png":["images/background_image/47c7fe.png"],"images/background_image/4bceff.png":["images/background_image/4bceff.png"],"packages/cupertino_icons/assets/CupertinoIcons.ttf":["packages/cupertino_icons/assets/CupertinoIcons.ttf"],"images/backgroundImages/EgjW-j_s1J68IH6GIbxGd2sDNtvipdKPLjC-Nf3CZ41zzJuae7Y2UzsKVJdhYlyesID2RZVz.png":["images/backgroundImages/EgjW-j_s1J68IH6GIbxGd2sDNtvipdKPLjC-Nf3CZ41zzJuae7Y2UzsKVJdhYlyesID2RZVz.png"],"images/backgroundImages/HAS6pzVdYATF4MbFw6ZOhsLp8cU7D7qVj2jEtD5YzlXnVQyTUzcIs0O8KShMVoZa4bUOcnUC0w.png":["images/backgroundImages/HAS6pzVdYATF4MbFw6ZOhsLp8cU7D7qVj2jEtD5YzlXnVQyTUzcIs0O8KShMVoZa4bUOcnUC0w.png"],"images/backgroundImages/HyaLITKzgLGwFY90pKkHW7fxiBaCko9kZB6awnDk2FQYb4iBq9Ndoj5fr0DCH2CmQLskFaZh.png":["images/backgroundImages/HyaLITKzgLGwFY90pKkHW7fxiBaCko9kZB6awnDk2FQYb4iBq9Ndoj5fr0DCH2CmQLskFaZh.png"],"images/backgroundImages/WwnaSyZar1s7gJWNsjWf-xmaLDDKpSs4i4bkbMtWGqFj24m-ucOwj3ltVjVy6NUsy5fTprCY.png":["images/backgroundImages/WwnaSyZar1s7gJWNsjWf-xmaLDDKpSs4i4bkbMtWGqFj24m-ucOwj3ltVjVy6NUsy5fTprCY.png"],"images/backgroundImages/backgroundImages.json":["images/backgroundImages/backgroundImages.json"],"images/svg_png/default_album.jpg":["images/svg_png/default_album.jpg"],"images/svg/default_album.svg":["images/svg/default_album.svg"],"images/backgroundImages/f-m-m5tQ9knrY3lPJQgFFhrdeoefL3FzY2SgEQjkxPP2HlcsI1FQd9A-Yxj8_HIOqjYPhrLf.jpg":["images/backgroundImages/f-m-m5tQ9knrY3lPJQgFFhrdeoefL3FzY2SgEQjkxPP2HlcsI1FQd9A-Yxj8_HIOqjYPhrLf.jpg"],"images/home.jpg":["images/home.jpg"],"images/svg_png/ifl.png":["images/svg_png/ifl.png"],"images/svg/ifl.svg":["images/svg/ifl.svg"],"images/illo_default_artistradio_smallcard.png":["images/illo_default_artistradio_smallcard.png","images/2x/illo_default_artistradio_smallcard.png","images/1x/illo_default_artistradio_smallcard.png"],"images/backgroundImages/kkSI0jxnAYZ6_3jeLT7aZ9A9ITBaA5MQjGNS1jmhtdSCorKCgouBuUXg1Yvktfb_l6wflXDiFWI.png":["images/backgroundImages/kkSI0jxnAYZ6_3jeLT7aZ9A9ITBaA5MQjGNS1jmhtdSCorKCgouBuUXg1Yvktfb_l6wflXDiFWI.png"],"images/lake.jpg":["images/lake.jpg"],"images/backgroundImages/maUoAOgHshpBAeTDmkULhnMe-8oGljo1TdCDMdUtY0jNEZ5iR3B6hhc6-Ghvuft-sOR0LXrAxA4.png":["images/backgroundImages/maUoAOgHshpBAeTDmkULhnMe-8oGljo1TdCDMdUtY0jNEZ5iR3B6hhc6-Ghvuft-sOR0LXrAxA4.png"],"images/svg_png/sj_dot.png":["images/svg_png/sj_dot.png"],"images/svg/splash_screen.svg":["images/svg/splash_screen.svg"],"images/backgroundImages/xLasi4eSHmkP_Fl0bVuDhvjiS9F6LihKFHa20lpO_9whutIgzfTMoPhxaxRKtlcqpbKyCA_cSTQ.png":["images/backgroundImages/xLasi4eSHmkP_Fl0bVuDhvjiS9F6LihKFHa20lpO_9whutIgzfTMoPhxaxRKtlcqpbKyCA_cSTQ.png"]}