{
  "sizes": [
    {
      "NOW": "=w350-h280-n-e100-rwu-v1"
    },
    {
      "small": "=w700-h560-n-e100-rwu-v1"
    },
    {
      "big": "=s2400-e100-rwu-v1"
    },
    {
      "": "=s1200-e100-rwu-v1"
    },
    {
      "aa": "=w350-h280-n-e100-v1"
    },
    {
      "": "s1200-e100-v1"
    }
  ],
  "backgroundImages": [
    {
      "id": null,
      "background-image": null,
      "background-color": "#ffffff",
      "separator-color": "#000000",
      "header": "Kicking back",
      "title": "Fun Family Hangout"
    },
    {
      "id": "1aN6mX4KtTKKOBfGwSftr-hxuHhHIUyxPoN7R1fEZYwZ02GrVCONCTQxtbLWxF85rUs49HCMaQ",
      "background-image": "https://lh3.googleusercontent.com/1aN6mX4KtTKKOBfGwSftr-hxuHhHIUyxPoN7R1fEZYwZ02GrVCONCTQxtbLWxF85rUs49HCMaQ",
      "background-color": "#531e65",
      "separator-color": "#fbc737",
      "header": "Today's biggest hits",
      "title": "The Hit List"
    },
    {
      "id": "3rSsn09XlksGOUhWrgB7vSJwPWzmlS0Zp7FZZ1o1cipRdFyJ_mQ0bbXg6KKeNaebF1OiXZKz",
      "background-image": "https://lh3.googleusercontent.com/3rSsn09XlksGOUhWrgB7vSJwPWzmlS0Zp7FZZ1o1cipRdFyJ_mQ0bbXg6KKeNaebF1OiXZKz",
      "background-color": "#c6fbe5",
      "separator-color": "#ff3347",
      "header": "Throwback jams",
      "title": "The Millennial Mixtape",
      "description": ""
    },
    {
      "id": "_8EG31lZMoy4IDmwvCvDvjuapJN77vw-NBDDob5tS0i5jI0RKV0sgi-SVqeu3UjA4-HdBi3DZ7M",
      "backgound-image": "https://lh3.googleusercontent.com/_8EG31lZMoy4IDmwvCvDvjuapJN77vw-NBDDob5tS0i5jI0RKV0sgi-SVqeu3UjA4-HdBi3DZ7M",
      "background-color": "#512257",
      "separator-color": "#44eeb2",
      "header": "Romantic moods",
      "title": "Calentura",
      "description": "With Bad Bunny, J Balvin, Natti Natasha, Plan B, and more"
    },
    {
      "id": "EgjW-j_s1J68IH6GIbxGd2sDNtvipdKPLjC-Nf3CZ41zzJuae7Y2UzsKVJdhYlyesID2RZVz",
      "background-image": "https://lh3.googleusercontent.com/EgjW-j_s1J68IH6GIbxGd2sDNtvipdKPLjC-Nf3CZ41zzJuae7Y2UzsKVJdhYlyesID2RZVz",
      "background-color": "#4b2460",
      "separator-color": "#48eadc",
      "header": "Living room dance party",
      "title": "Massive Pop Remixes",
      "description": "With Ed Sheeran, Dua Lipa, Teddy Geiger, Shawn Mendes, and more"
    },
    {
      "id": "f-m-m5tQ9knrY3lPJQgFFhrdeoefL3FzY2SgEQjkxPP2HlcsI1FQd9A-Yxj8_HIOqjYPhrLf",
      "background-image": "https://lh3.googleusercontent.com/f-m-m5tQ9knrY3lPJQgFFhrdeoefL3FzY2SgEQjkxPP2HlcsI1FQd9A-Yxj8_HIOqjYPhrLf",
      "background-color": "#000000",
      "separator-color": "#ffffff",
      "header": "Recommended new releases",
      "title": "New Release Radio"
    },
    {
      "id": "hAMSKUNGa1LVaq51oBlBA8hIUYCFmg6l6S5GIcDsbNemlSVJPrzf0S4bDS4EuRpGkajSQPXlDQ",
      "background-image": "https://lh3.googleusercontent.com/hAMSKUNGa1LVaq51oBlBA8hIUYCFmg6l6S5GIcDsbNemlSVJPrzf0S4bDS4EuRpGkajSQPXlDQ",
      "background-color": "#12b969",
      "separator-color": "#fbc137"
    },
    {
      "id": "HAS6pzVdYATF4MbFw6ZOhsLp8cU7D7qVj2jEtD5YzlXnVQyTUzcIs0O8KShMVoZa4bUOcnUC0w",
      "background-image": "https://lh3.googleusercontent.com/HAS6pzVdYATF4MbFw6ZOhsLp8cU7D7qVj2jEtD5YzlXnVQyTUzcIs0O8KShMVoZa4bUOcnUC0w",
      "background-color": "#bfb2ff",
      "separator-color": "#fff576",
      "header": "Energy boosters",
      "title": "Pump-Up Pop"
    },
    {
      "id": "HyaLITKzgLGwFY90pKkHW7fxiBaCko9kZB6awnDk2FQYb4iBq9Ndoj5fr0DCH2CmQLskFaZh",
      "background-image": "https://lh3.googleusercontent.com/HyaLITKzgLGwFY90pKkHW7fxiBaCko9kZB6awnDk2FQYb4iBq9Ndoj5fr0DCH2CmQLskFaZh",
      "background-color": "#4413ba",
      "separator-color": "#e05252",
      "header": "Deep focus instrumentals",
      "title": "Instrumental Hip Hop"
    },
    {
      "id": "IAK3HX2dF-JHnd4zqs4Z6Lz9G91hU7JcdYKwB20Cs-foR8EG9w9C2R1Rxg6yff_Oe16mPst32A",
      "background-image": "https://lh3.googleusercontent.com/IAK3HX2dF-JHnd4zqs4Z6Lz9G91hU7JcdYKwB20Cs-foR8EG9w9C2R1Rxg6yff_Oe16mPst32A",
      "background-color": "#cf9dcc",
      "separator-color": "#ff496f",
      "header": "Top Albums",
      "reason": "Popular this week",
      "title": "Hamilton (Original Broadway Cast Recording)",
      "description": "Album by Various Artists • 46 songs"
    },
    {
      "id": "jSui6tIhAbLrf4Bl5BAUzjMpxAChWAGU5WeS_0LLOgevP8XJvH8vbqfuBaVlVyrp-AylAKtn",
      "background-image": "https://lh3.googleusercontent.com/jSui6tIhAbLrf4Bl5BAUzjMpxAChWAGU5WeS_0LLOgevP8XJvH8vbqfuBaVlVyrp-AylAKtn",
      "background-color": "#392291",
      "separator-color": "#fe347c",
      "header": "All the feelings",
      "title": "Pop Ballads",
      "description": "With Adele, Sam Smith, Sia, John Legend, and more"
    },
    {
      "id": "kkSI0jxnAYZ6_3jeLT7aZ9A9ITBaA5MQjGNS1jmhtdSCorKCgouBuUXg1Yvktfb_l6wflXDiFWI",
      "background-image": "https://lh3.googleusercontent.com/kkSI0jxnAYZ6_3jeLT7aZ9A9ITBaA5MQjGNS1jmhtdSCorKCgouBuUXg1Yvktfb_l6wflXDiFWI",
      "background-color": "#54215f",
      "separator-color": "#eb8fed",
      "header": "Mellow moods",
      "title": "Unwind"
    },
    {
      "id": "maUoAOgHshpBAeTDmkULhnMe-8oGljo1TdCDMdUtY0jNEZ5iR3B6hhc6-Ghvuft-sOR0LXrAxA4",
      "background-image": "https://lh3.googleusercontent.com/maUoAOgHshpBAeTDmkULhnMe-8oGljo1TdCDMdUtY0jNEZ5iR3B6hhc6-Ghvuft-sOR0LXrAxA4",
      "background-color": "#63230a",
      "separator-color": "#f9f26a",
      "header": "New & trending songs",
      "title": "Pop with Drops"
    },
    {
      "id": "W3aWdmqv2N7wUpA34H-ruEJ9SvGm5TYRW6T31kiUbEc14DpB80hKgfne1hKQHu9SCoKgEYyifg",
      "backgound-image": "https://lh3.googleusercontent.com/W3aWdmqv2N7wUpA34H-ruEJ9SvGm5TYRW6T31kiUbEc14DpB80hKgfne1hKQHu9SCoKgEYyifg",
      "background-color": "#ef8722",
      "separator-color": "#48eaa4",
      "header": "Summer",
      "reason": "Spring into:",
      "title": "Summer House | 2020 Songs of Summer"
    },
    {
      "id": "WwnaSyZar1s7gJWNsjWf-xmaLDDKpSs4i4bkbMtWGqFj24m-ucOwj3ltVjVy6NUsy5fTprCY",
      "backgound-image": "https://lh3.googleusercontent.com/WwnaSyZar1s7gJWNsjWf-xmaLDDKpSs4i4bkbMtWGqFj24m-ucOwj3ltVjVy6NUsy5fTprCY",
      "background-color": "#5dced6",
      "separator-color": "#f9b339",
      "header": "Feel-good favorites",
      "title": "Cloud Nine R&B",
      "description": "With Romeo Santos, Prince Royce, Aventura, J Balvin, and more"
    },
    {
      "id": "xLasi4eSHmkP_Fl0bVuDhvjiS9F6LihKFHa20lpO_9whutIgzfTMoPhxaxRKtlcqpbKyCA_cSTQ",
      "backgound-image": "https://lh3.googleusercontent.com/xLasi4eSHmkP_Fl0bVuDhvjiS9F6LihKFHa20lpO_9whutIgzfTMoPhxaxRKtlcqpbKyCA_cSTQ",
      "background-color": "#532164",
      "separator-color": "#f8ffb8",
      "header": "Irresistible sing-alongs",
      "title": "Hairbrush Karaoke"
    }
  ]
}